{
  "results": {
    "Cmmlu-agronomy": {
      "acc": 0.26627218934911245,
      "acc_stderr": 0.03410167836676975,
      "acc_norm": 0.26627218934911245,
      "acc_norm_stderr": 0.03410167836676975
    },
    "Cmmlu-anatomy": {
      "acc": 0.19594594594594594,
      "acc_stderr": 0.032737996420279705,
      "acc_norm": 0.19594594594594594,
      "acc_norm_stderr": 0.032737996420279705
    },
    "Cmmlu-ancient_chinese": {
      "acc": 0.22560975609756098,
      "acc_stderr": 0.032738974545663414,
      "acc_norm": 0.22560975609756098,
      "acc_norm_stderr": 0.032738974545663414
    },
    "Cmmlu-arts": {
      "acc": 0.43125,
      "acc_stderr": 0.039275949840189166,
      "acc_norm": 0.43125,
      "acc_norm_stderr": 0.039275949840189166
    },
    "Cmmlu-astronomy": {
      "acc": 0.26666666666666666,
      "acc_stderr": 0.03453131801885416,
      "acc_norm": 0.26666666666666666,
      "acc_norm_stderr": 0.03453131801885416
    },
    "Cmmlu-business_ethics": {
      "acc": 0.31100478468899523,
      "acc_stderr": 0.03209666953348979,
      "acc_norm": 0.31100478468899523,
      "acc_norm_stderr": 0.03209666953348979
    },
    "Cmmlu-chinese_civil_service_exam": {
      "acc": 0.325,
      "acc_stderr": 0.037144541740773654,
      "acc_norm": 0.325,
      "acc_norm_stderr": 0.037144541740773654
    },
    "Cmmlu-chinese_driving_rule": {
      "acc": 0.3816793893129771,
      "acc_stderr": 0.04260735157644561,
      "acc_norm": 0.3816793893129771,
      "acc_norm_stderr": 0.04260735157644561
    },
    "Cmmlu-chinese_food_culture": {
      "acc": 0.27941176470588236,
      "acc_stderr": 0.038618823893117264,
      "acc_norm": 0.27941176470588236,
      "acc_norm_stderr": 0.038618823893117264
    },
    "Cmmlu-chinese_foreign_policy": {
      "acc": 0.4766355140186916,
      "acc_stderr": 0.04851124172329673,
      "acc_norm": 0.4766355140186916,
      "acc_norm_stderr": 0.04851124172329673
    },
    "Cmmlu-chinese_history": {
      "acc": 0.39009287925696595,
      "acc_stderr": 0.027182408040188052,
      "acc_norm": 0.39009287925696595,
      "acc_norm_stderr": 0.027182408040188052
    },
    "Cmmlu-chinese_literature": {
      "acc": 0.24019607843137256,
      "acc_stderr": 0.02998373305591362,
      "acc_norm": 0.24019607843137256,
      "acc_norm_stderr": 0.02998373305591362
    },
    "Cmmlu-chinese_teacher_qualification": {
      "acc": 0.3687150837988827,
      "acc_stderr": 0.03616164325045813,
      "acc_norm": 0.3687150837988827,
      "acc_norm_stderr": 0.03616164325045813
    },
    "Cmmlu-clinical_knowledge": {
      "acc": 0.26582278481012656,
      "acc_stderr": 0.028756799629658335,
      "acc_norm": 0.26582278481012656,
      "acc_norm_stderr": 0.028756799629658335
    },
    "Cmmlu-college_actuarial_science": {
      "acc": 0.3018867924528302,
      "acc_stderr": 0.044801270921106716,
      "acc_norm": 0.3018867924528302,
      "acc_norm_stderr": 0.044801270921106716
    },
    "Cmmlu-college_education": {
      "acc": 0.34579439252336447,
      "acc_stderr": 0.0461969359662258,
      "acc_norm": 0.34579439252336447,
      "acc_norm_stderr": 0.0461969359662258
    },
    "Cmmlu-college_engineering_hydrology": {
      "acc": 0.25471698113207547,
      "acc_stderr": 0.0425201622376331,
      "acc_norm": 0.25471698113207547,
      "acc_norm_stderr": 0.0425201622376331
    },
    "Cmmlu-college_law": {
      "acc": 0.28703703703703703,
      "acc_stderr": 0.043733130409147614,
      "acc_norm": 0.28703703703703703,
      "acc_norm_stderr": 0.043733130409147614
    },
    "Cmmlu-college_mathematics": {
      "acc": 0.21904761904761905,
      "acc_stderr": 0.040556911537178254,
      "acc_norm": 0.21904761904761905,
      "acc_norm_stderr": 0.040556911537178254
    },
    "Cmmlu-college_medical_statistics": {
      "acc": 0.33962264150943394,
      "acc_stderr": 0.04621678759968267,
      "acc_norm": 0.33962264150943394,
      "acc_norm_stderr": 0.04621678759968267
    },
    "Cmmlu-college_medicine": {
      "acc": 0.2673992673992674,
      "acc_stderr": 0.026836713439088864,
      "acc_norm": 0.2673992673992674,
      "acc_norm_stderr": 0.026836713439088864
    },
    "Cmmlu-computer_science": {
      "acc": 0.3627450980392157,
      "acc_stderr": 0.03374499356319355,
      "acc_norm": 0.3627450980392157,
      "acc_norm_stderr": 0.03374499356319355
    },
    "Cmmlu-computer_security": {
      "acc": 0.32748538011695905,
      "acc_stderr": 0.035993357714560276,
      "acc_norm": 0.32748538011695905,
      "acc_norm_stderr": 0.035993357714560276
    },
    "Cmmlu-conceptual_physics": {
      "acc": 0.3333333333333333,
      "acc_stderr": 0.039013715732043486,
      "acc_norm": 0.3333333333333333,
      "acc_norm_stderr": 0.039013715732043486
    },
    "Cmmlu-construction_project_management": {
      "acc": 0.23741007194244604,
      "acc_stderr": 0.036220593237998276,
      "acc_norm": 0.23741007194244604,
      "acc_norm_stderr": 0.036220593237998276
    },
    "Cmmlu-economics": {
      "acc": 0.2830188679245283,
      "acc_stderr": 0.03583711288976434,
      "acc_norm": 0.2830188679245283,
      "acc_norm_stderr": 0.03583711288976434
    },
    "Cmmlu-education": {
      "acc": 0.294478527607362,
      "acc_stderr": 0.03581165790474082,
      "acc_norm": 0.294478527607362,
      "acc_norm_stderr": 0.03581165790474082
    },
    "Cmmlu-electrical_engineering": {
      "acc": 0.31976744186046513,
      "acc_stderr": 0.0356654553808481,
      "acc_norm": 0.31976744186046513,
      "acc_norm_stderr": 0.0356654553808481
    },
    "Cmmlu-elementary_chinese": {
      "acc": 0.32142857142857145,
      "acc_stderr": 0.029478349466054984,
      "acc_norm": 0.32142857142857145,
      "acc_norm_stderr": 0.029478349466054984
    },
    "Cmmlu-elementary_commonsense": {
      "acc": 0.3434343434343434,
      "acc_stderr": 0.03383201223244442,
      "acc_norm": 0.3434343434343434,
      "acc_norm_stderr": 0.03383201223244442
    },
    "Cmmlu-elementary_information_and_technology": {
      "acc": 0.36134453781512604,
      "acc_stderr": 0.031204691225150016,
      "acc_norm": 0.36134453781512604,
      "acc_norm_stderr": 0.031204691225150016
    },
    "Cmmlu-elementary_mathematics": {
      "acc": 0.32608695652173914,
      "acc_stderr": 0.030977823685622338,
      "acc_norm": 0.32608695652173914,
      "acc_norm_stderr": 0.030977823685622338
    },
    "Cmmlu-ethnology": {
      "acc": 0.2518518518518518,
      "acc_stderr": 0.03749850709174021,
      "acc_norm": 0.2518518518518518,
      "acc_norm_stderr": 0.03749850709174021
    },
    "Cmmlu-food_science": {
      "acc": 0.3076923076923077,
      "acc_stderr": 0.03873144730600104,
      "acc_norm": 0.3076923076923077,
      "acc_norm_stderr": 0.03873144730600104
    },
    "Cmmlu-genetics": {
      "acc": 0.2727272727272727,
      "acc_stderr": 0.03366618544627456,
      "acc_norm": 0.2727272727272727,
      "acc_norm_stderr": 0.03366618544627456
    },
    "Cmmlu-global_facts": {
      "acc": 0.3691275167785235,
      "acc_stderr": 0.039666889413968794,
      "acc_norm": 0.3691275167785235,
      "acc_norm_stderr": 0.039666889413968794
    },
    "Cmmlu-high_school_biology": {
      "acc": 0.33136094674556216,
      "acc_stderr": 0.03631548844087169,
      "acc_norm": 0.33136094674556216,
      "acc_norm_stderr": 0.03631548844087169
    },
    "Cmmlu-high_school_chemistry": {
      "acc": 0.2727272727272727,
      "acc_stderr": 0.038911438636713876,
      "acc_norm": 0.2727272727272727,
      "acc_norm_stderr": 0.038911438636713876
    },
    "Cmmlu-high_school_geography": {
      "acc": 0.2966101694915254,
      "acc_stderr": 0.042227768322336254,
      "acc_norm": 0.2966101694915254,
      "acc_norm_stderr": 0.042227768322336254
    },
    "Cmmlu-high_school_mathematics": {
      "acc": 0.2804878048780488,
      "acc_stderr": 0.03518700228801578,
      "acc_norm": 0.2804878048780488,
      "acc_norm_stderr": 0.03518700228801578
    },