{
  "results": {
    "Cmmlu-agronomy": {
      "acc": 0.42011834319526625,
      "acc_stderr": 0.03808034433196808,
      "acc_norm": 0.42011834319526625,
      "acc_norm_stderr": 0.03808034433196808
    },
    "Cmmlu-anatomy": {
      "acc": 0.36486486486486486,
      "acc_stderr": 0.039704563322785984,
      "acc_norm": 0.36486486486486486,
      "acc_norm_stderr": 0.039704563322785984
    },
    "Cmmlu-ancient_chinese": {
      "acc": 0.29878048780487804,
      "acc_stderr": 0.03585166336909661,
      "acc_norm": 0.29878048780487804,
      "acc_norm_stderr": 0.03585166336909661
    },
    "Cmmlu-arts": {
      "acc": 0.675,
      "acc_stderr": 0.03714454174077365,
      "acc_norm": 0.675,
      "acc_norm_stderr": 0.03714454174077365
    },
    "Cmmlu-astronomy": {
      "acc": 0.2909090909090909,
      "acc_stderr": 0.03546563019624336,
      "acc_norm": 0.2909090909090909,
      "acc_norm_stderr": 0.03546563019624336
    },
    "Cmmlu-business_ethics": {
      "acc": 0.46411483253588515,
      "acc_stderr": 0.03457935791797729,
      "acc_norm": 0.46411483253588515,
      "acc_norm_stderr": 0.03457935791797729
    },
    "Cmmlu-chinese_civil_service_exam": {
      "acc": 0.50625,
      "acc_stderr": 0.03964948130713094,
      "acc_norm": 0.50625,
      "acc_norm_stderr": 0.03964948130713094
    },
    "Cmmlu-chinese_driving_rule": {
      "acc": 0.5954198473282443,
      "acc_stderr": 0.043046937953806645,
      "acc_norm": 0.5954198473282443,
      "acc_norm_stderr": 0.043046937953806645
    },
    "Cmmlu-chinese_food_culture": {
      "acc": 0.4264705882352941,
      "acc_stderr": 0.04256528107076941,
      "acc_norm": 0.4264705882352941,
      "acc_norm_stderr": 0.04256528107076941
    },
    "Cmmlu-chinese_foreign_policy": {
      "acc": 0.5700934579439252,
      "acc_stderr": 0.04808472349429953,
      "acc_norm": 0.5700934579439252,
      "acc_norm_stderr": 0.04808472349429953
    },
    "Cmmlu-chinese_history": {
      "acc": 0.6470588235294118,
      "acc_stderr": 0.02663146824134736,
      "acc_norm": 0.6470588235294118,
      "acc_norm_stderr": 0.02663146824134736
    },
    "Cmmlu-chinese_literature": {
      "acc": 0.4019607843137255,
      "acc_stderr": 0.034411900234824655,
      "acc_norm": 0.4019607843137255,
      "acc_norm_stderr": 0.034411900234824655
    },
    "Cmmlu-chinese_teacher_qualification": {
      "acc": 0.5865921787709497,
      "acc_stderr": 0.03691029168738378,
      "acc_norm": 0.5865921787709497,
      "acc_norm_stderr": 0.03691029168738378
    },
    "Cmmlu-clinical_knowledge": {
      "acc": 0.4050632911392405,
      "acc_stderr": 0.031955147413706725,
      "acc_norm": 0.4050632911392405,
      "acc_norm_stderr": 0.031955147413706725
    },
    "Cmmlu-college_actuarial_science": {
      "acc": 0.2830188679245283,
      "acc_stderr": 0.04396093377439376,
      "acc_norm": 0.2830188679245283,
      "acc_norm_stderr": 0.04396093377439376
    },
    "Cmmlu-college_education": {
      "acc": 0.6728971962616822,
      "acc_stderr": 0.04556837693674773,
      "acc_norm": 0.6728971962616822,
      "acc_norm_stderr": 0.04556837693674773
    },
    "Cmmlu-college_engineering_hydrology": {
      "acc": 0.39622641509433965,
      "acc_stderr": 0.047732492983673595,
      "acc_norm": 0.39622641509433965,
      "acc_norm_stderr": 0.047732492983673595
    },
    "Cmmlu-college_law": {
      "acc": 0.4074074074074074,
      "acc_stderr": 0.04750077341199984,
      "acc_norm": 0.4074074074074074,
      "acc_norm_stderr": 0.04750077341199984
    },
    "Cmmlu-college_mathematics": {
      "acc": 0.3047619047619048,
      "acc_stderr": 0.0451367671816831,
      "acc_norm": 0.3047619047619048,
      "acc_norm_stderr": 0.0451367671816831
    },
    "Cmmlu-college_medical_statistics": {
      "acc": 0.44339622641509435,
      "acc_stderr": 0.048481318229754794,
      "acc_norm": 0.44339622641509435,
      "acc_norm_stderr": 0.048481318229754794
    },
    "Cmmlu-college_medicine": {
      "acc": 0.4432234432234432,
      "acc_stderr": 0.030120860870184646,
      "acc_norm": 0.4432234432234432,
      "acc_norm_stderr": 0.030120860870184646
    },
    "Cmmlu-computer_science": {
      "acc": 0.45588235294117646,
      "acc_stderr": 0.034956245220154725,
      "acc_norm": 0.45588235294117646,
      "acc_norm_stderr": 0.034956245220154725
    },
    "Cmmlu-computer_security": {
      "acc": 0.5263157894736842,
      "acc_stderr": 0.038295098689947266,
      "acc_norm": 0.5263157894736842,
      "acc_norm_stderr": 0.038295098689947266
    },
    "Cmmlu-conceptual_physics": {
      "acc": 0.6598639455782312,
      "acc_stderr": 0.0392082182208768,
      "acc_norm": 0.6598639455782312,
      "acc_norm_stderr": 0.0392082182208768
    },
    "Cmmlu-construction_project_management": {
      "acc": 0.39568345323741005,
      "acc_stderr": 0.04162618828625744,
      "acc_norm": 0.39568345323741005,
      "acc_norm_stderr": 0.04162618828625744
    },
    "Cmmlu-economics": {
      "acc": 0.44654088050314467,
      "acc_stderr": 0.03954985017675704,
      "acc_norm": 0.44654088050314467,
      "acc_norm_stderr": 0.03954985017675704
    },
    "Cmmlu-education": {
      "acc": 0.6319018404907976,
      "acc_stderr": 0.03789213935838396,
      "acc_norm": 0.6319018404907976,
      "acc_norm_stderr": 0.03789213935838396
    },
    "Cmmlu-electrical_engineering": {
      "acc": 0.38953488372093026,
      "acc_stderr": 0.03729113044487178,
      "acc_norm": 0.38953488372093026,
      "acc_norm_stderr": 0.03729113044487178
    },
    "Cmmlu-elementary_chinese": {
      "acc": 0.4642857142857143,
      "acc_stderr": 0.03147910771121848,
      "acc_norm": 0.4642857142857143,
      "acc_norm_stderr": 0.03147910771121848
    },
    "Cmmlu-elementary_commonsense": {
      "acc": 0.5050505050505051,
      "acc_stderr": 0.035621707606254015,
      "acc_norm": 0.5050505050505051,
      "acc_norm_stderr": 0.035621707606254015
    },
    "Cmmlu-elementary_information_and_technology": {
      "acc": 0.6260504201680672,
      "acc_stderr": 0.031429466378837076,
      "acc_norm": 0.6260504201680672,
      "acc_norm_stderr": 0.031429466378837076
    },
    "Cmmlu-elementary_mathematics": {
      "acc": 0.36086956521739133,
      "acc_stderr": 0.03173599626649655,
      "acc_norm": 0.36086956521739133,
      "acc_norm_stderr": 0.03173599626649655
    },
    "Cmmlu-ethnology": {
      "acc": 0.37037037037037035,
      "acc_stderr": 0.041716541613545426,
      "acc_norm": 0.37037037037037035,
      "acc_norm_stderr": 0.041716541613545426
    },
    "Cmmlu-food_science": {
      "acc": 0.45454545454545453,
      "acc_stderr": 0.04178532361608381,
      "acc_norm": 0.45454545454545453,
      "acc_norm_stderr": 0.04178532361608381
    },
    "Cmmlu-genetics": {
      "acc": 0.4147727272727273,
      "acc_stderr": 0.03724331671462075,
      "acc_norm": 0.4147727272727273,
      "acc_norm_stderr": 0.03724331671462075
    },
    "Cmmlu-global_facts": {
      "acc": 0.4899328859060403,
      "acc_stderr": 0.041091415327375716,
      "acc_norm": 0.4899328859060403,
      "acc_norm_stderr": 0.041091415327375716
    },
    "Cmmlu-high_school_biology": {
      "acc": 0.6804733727810651,
      "acc_stderr": 0.03597530251676528,
      "acc_norm": 0.6804733727810651,
      "acc_norm_stderr": 0.03597530251676528
    },
    "Cmmlu-high_school_chemistry": {
      "acc": 0.5606060606060606,
      "acc_stderr": 0.04336309556090911,
      "acc_norm": 0.5606060606060606,
      "acc_norm_stderr": 0.04336309556090911
    },
    "Cmmlu-high_school_geography": {
      "acc": 0.5338983050847458,
      "acc_stderr": 0.04611866011948887,
      "acc_norm": 0.5338983050847458,
      "acc_norm_stderr": 0.04611866011948887
    },
    "Cmmlu-high_school_mathematics": {
      "acc": 0.3170731707317073,
      "acc_stderr": 0.03644794381282878,
      "acc_norm": 0.3170731707317073,
      "acc_norm_stderr": 0.03644794381282878
    },
    "Cmmlu-high_school_physics": {
      "acc": 0.45454545454545453,